User_ID,Product_ID,Gender,Age,Occupation,City_Category,Stay_In_Current_City_Years,Marital_Status,Product_Category,Purchase
1001062,P00351342,M,51-55,19,C,3,0,1,19142
1005172,P00237542,F,36-45,11,B,1,0,1,15513
1000415,P00116242,F,36-45,0,A,2,1,8,7802
1000496,P00016742,M,18-25,4,A,3,0,1,15455
1002010,P00002242,M,18-25,4,B,0,0,6,4492
1004619,P00112242,F,26-35,1,B,4+,1,5,6965
1004384,P00121642,M,26-35,0,B,0,1,5,8763
1003729,P00274042,M,18-25,4,A,2,0,1,19347
1000296,P00258742,M,51-55,5,C,4+,1,5,7017
1003878,P00228442,M,36-45,16,B,4+,0,1,15594
1003762,P00105242,M,51-55,6,B,0,1,11,4649
1003799,P00127842,M,18-25,0,C,4+,1,1,19549
1005720,P00251542,M,26-35,0,A,0,0,11,1762
1000430,P00320542,F,18-25,10,C,1,1,8,6186
1001297,P00304042,M,26-35,7,A,4+,0,5,3663
1004022,P00046742,M,36-45,14,B,1,1,1,15394
1003539,P00162042,F,26-35,4,A,1,1,1,18952
1004260,P00041342,M,26-35,16,C,3,1,11,3044
1005153,P00287842,M,26-35,7,B,3,0,8,6025
1001647,P00185842,M,18-25,18,B,0,0,4,1462
1001112,P00256742,M,18-25,6,A,4+,0,8,4261
1003999,P00208742,M,36-45,17,B,4+,0,1,19112
1001632,P00110742,M,26-35,16,B,1,0,1,19297
1003591,P00159442,M,36-45,6,C,1,0,5,3515
1001150,P00024242,F,26-35,20,A,1,0,5,1811
1005708,P00060242,M,36-45,1,B,4+,0,3,13593
1004483,P00334642,F,26-35,6,B,4+,0,1,11418
1001712,P00331642,M,26-35,0,B,4+,0,12,1030
1002010,P0097042,M,18-25,4,B,0,0,6,8203
1001181,P00319342,M,36-45,7,A,3,1,5,5325
1000203,P00102342,F,18-25,4,B,1,1,8,4211
1002106,P00194142,F,18-25,20,A,3,1,11,1478
1001163,P00142942,M,0-17,10,C,2,0,1,15590
1005524,P00106042,F,0-17,10,B,1,0,5,7001
1002774,P00191042,M,26-35,1,A,1,0,3,7947
1002847,P00132842,M,18-25,4,A,3,0,1,4079
1004655,P00150342,F,26-35,1,A,3,0,8,7967
1000366,P00266542,M,51-55,15,B,1,1,2,16266
1000891,P00117942,M,26-35,1,C,4+,0,5,6917
1005081,P00262342,F,18-25,4,B,3,0,15,17409
1001181,P00050742,M,36-45,7,A,3,1,5,3738
1001181,P00234542,M,36-45,7,A,3,1,5,5304
1005878,P00213242,F,26-35,0,A,4+,1,5,8745
1001407,P00005742,F,36-45,15,A,1,1,8,7899
1004964,P00259342,M,36-45,0,A,1,1,5,5213
1000539,P0096542,M,26-35,2,C,4+,0,3,11004
1004643,P00283942,M,26-35,0,A,0,0,5,5309
1001879,P0095642,M,26-35,4,C,1,1,5,5306
1005709,P00173342,M,18-25,4,B,4+,0,1,11783
1003922,P00197042,M,18-25,4,B,1,0,5,1896
1006028,P00111142,M,18-25,4,A,4+,0,1,15333
1003405,P00101942,M,36-45,14,B,4+,0,8,9701
1001048,P00021742,M,36-45,6,C,4+,0,5,5157
1005208,P00240242,M,26-35,4,A,1,1,1,15374
1000728,P00028842,M,26-35,6,C,4+,0,6,16305
1003699,P00085342,F,55+,3,C,3,1,10,23519
1003947,P00074642,M,26-35,0,C,3,0,5,6902
1005832,P00109942,F,26-35,0,C,4+,0,8,6035
1002316,P00332842,M,36-45,0,B,0,0,4,1412
1004016,P00331442,M,51-55,0,B,1,0,8,8037
1003696,P00372445,M,36-45,7,C,3,0,20,472
1000966,P00330842,M,55+,2,C,4+,0,14,7571
1001465,P00284742,M,51-55,16,B,4+,1,5,7060
1004543,P00297942,M,26-35,2,A,0,0,8,7837
1003821,P00100942,M,26-35,20,A,2,1,5,7129
1003865,P00295842,F,0-17,10,C,2,0,5,8707
1004898,P00248942,M,26-35,1,B,1,1,1,15193
1004712,P00303742,M,36-45,17,C,1,0,8,4089
1001449,P00268442,M,36-45,20,A,1,1,8,8090
1005318,P00070342,M,18-25,17,B,4+,1,1,12053
1002219,P00067942,M,26-35,6,C,3,0,5,8662
1001028,P00003642,F,46-50,7,C,0,1,8,8069
1000327,P00111942,M,36-45,18,C,4+,0,8,10049
1002748,P00080342,M,26-35,4,B,1,0,1,7755
1003672,P00001442,M,36-45,5,C,4+,0,8,7950
1003209,P00338442,M,26-35,0,C,3,0,1,7729
1003540,P00216342,M,18-25,17,B,2,1,3,10615
1001128,P00103342,M,26-35,1,A,2,0,8,7875
1006028,P00000642,M,18-25,4,A,4+,0,1,15862
1005271,P00088842,F,26-35,0,A,1,0,8,5996
1005522,P00272242,M,26-35,14,B,0,0,8,7997
1000516,P00327242,F,55+,14,C,2,0,5,5414
1000461,P00061142,M,51-55,7,B,0,0,8,7882
1002634,P00113242,M,55+,1,A,3,1,1,15240
1005555,P00144242,M,0-17,10,B,2,0,5,1875
1002398,P00157542,M,26-35,0,B,1,0,8,3945
1003954,P00112542,M,18-25,4,C,4+,0,1,15831
1001184,P00001042,F,26-35,4,C,1,1,1,15547
1003290,P00214442,M,26-35,14,A,1,0,8,5818
1003007,P00220442,M,36-45,0,C,1,1,5,8876
1003992,P00070342,M,26-35,4,B,1,0,1,15579
1005475,P00366542,M,26-35,4,A,2,0,5,8781
1003550,P00324942,M,26-35,5,B,0,0,5,6858
1002395,P00041542,M,36-45,7,C,1,0,8,8091
1002051,P00044442,M,36-45,7,C,2,0,1,19556
1000695,P00227842,F,18-25,1,A,2,0,2,13187
1001917,P00210342,M,18-25,10,B,1,0,3,8230
1004647,P00216142,M,36-45,20,B,1,1,1,4532
1005452,P00034842,M,36-45,6,A,4+,0,5,7144
1001010,P00349442,M,26-35,0,A,1,0,6,16252
1001449,P00228042,M,36-45,20,A,1,1,5,3674
1001555,P00139542,F,18-25,0,B,0,1,5,7130
1000620,P00303142,M,18-25,0,A,3,0,5,7024
1001010,P00152742,M,26-35,0,A,1,0,5,5306
1005788,P00259842,M,26-35,0,A,4+,0,1,15891
1003818,P00297342,M,46-50,17,C,0,1,5,6984
1005570,P00166742,M,26-35,1,B,3,0,5,6900
1001470,P00187542,M,18-25,4,A,1,1,5,3546
1000426,P00015842,M,18-25,4,A,1,1,1,15256
1002206,P00332242,M,46-50,7,B,1,1,1,11390
1000059,P00090542,F,51-55,1,B,4+,1,16,12904
1004318,P00003442,M,26-35,5,B,3,0,4,2852
1004957,P00005942,M,26-35,2,A,1,1,2,9522
1005032,P00216742,M,18-25,17,A,3,0,5,3511
1005551,P00006942,F,36-45,20,A,1,0,1,12091
1005920,P00173842,F,26-35,1,C,2,0,1,15466
1001781,P00232542,F,36-45,0,C,2,0,11,4446
1001742,P00106742,M,26-35,15,C,4+,1,3,10877
1003292,P00295542,F,51-55,6,B,3,0,8,5935
1005297,P00070042,M,26-35,12,C,4+,0,1,19204
1004250,P00105142,F,51-55,0,C,4+,1,1,12097
1003032,P00187942,M,26-35,0,A,1,1,4,3496
1003201,P00320142,M,46-50,7,B,0,1,1,8135
1003590,P00298242,F,18-25,15,A,1,0,8,9971
1002946,P00042142,M,36-45,16,A,0,1,1,11837
1004448,P00059442,M,26-35,14,A,0,0,6,20153
1002304,P00069242,M,46-50,12,B,2,1,8,6047
1005513,P00105642,M,36-45,1,C,2,1,8,9840
1000186,P00278642,M,18-25,5,C,0,0,5,8611
1000778,P00051442,M,18-25,17,C,4+,0,8,9732
1005762,P00375436,F,36-45,6,A,2,1,20,490
1001706,P00330442,M,26-35,20,B,1,1,5,5439
1001917,P00119642,M,18-25,10,B,1,0,1,19092
1001035,P00215242,M,18-25,2,C,1,1,1,19019
1002125,P0096542,M,36-45,3,C,0,0,3,8099
1001050,P00223642,M,26-35,1,B,1,0,11,3045
1002793,P00085742,M,36-45,7,B,3,0,4,2869
1004942,P00271042,M,46-50,12,B,3,1,6,12140
1004820,P00090942,M,51-55,11,C,3,1,1,15670
1005530,P00223942,F,18-25,4,B,0,0,5,1985
1004007,P00304142,M,36-45,12,A,1,1,5,3539
1000907,P00113242,F,46-50,6,C,1,1,1,15277
1000149,P00350342,M,26-35,1,B,2,1,1,15165
1003961,P0095542,M,26-35,1,C,1,0,2,15990
1003657,P00234642,M,18-25,17,C,3,0,1,15525
1005074,P00084842,M,0-17,0,B,2,0,8,6123
1005643,P00149242,F,36-45,1,A,3,1,8,3879
1001761,P00186342,M,36-45,0,C,2,0,2,3428
1002208,P00058042,M,26-35,0,C,1,0,8,8000
1000259,P00237542,M,26-35,1,B,4+,0,1,15166
1003904,P00156442,M,0-17,10,C,1,0,8,8120
1001120,P00088342,M,18-25,4,A,0,1,8,7888
1002513,P00117942,M,55+,1,A,1,1,5,8656
1005484,P00207942,M,46-50,17,C,4+,1,6,19921
1000824,P00086142,M,36-45,12,A,2,1,5,5337
1002457,P00115142,M,26-35,0,B,0,1,1,11522
1003600,P00348942,M,36-45,20,B,4+,1,8,9806
1002891,P00224142,F,18-25,4,A,1,0,8,3971
1000639,P00173842,M,46-50,17,B,2,1,1,15737
1000924,P00117442,M,51-55,17,C,1,1,5,7188
1003916,P00106042,M,26-35,4,A,2,1,5,8820
1002173,P00368042,M,51-55,13,C,1,0,2,6385
1000949,P00034742,M,51-55,17,B,4+,1,5,6853
1005038,P00332342,M,26-35,20,B,0,0,5,5290
1001629,P00367042,M,18-25,4,B,1,1,8,2010
1004635,P00026742,M,18-25,4,B,2,0,8,4146
1005621,P00218442,M,26-35,7,A,1,0,1,11394
1005605,P00073642,F,18-25,2,A,0,0,8,7806
1001364,P00334042,F,46-50,2,A,0,0,1,15223
1003689,P00046942,M,26-35,0,C,1,1,16,16664
1001194,P00004542,F,26-35,1,B,1,1,5,5273
1002402,P00178242,M,46-50,17,B,4+,0,8,8009
1002853,P00174442,M,0-17,1,C,2,0,5,6901
1004796,P00129342,M,36-45,7,A,4+,1,1,15814
1001647,P00074342,M,18-25,18,B,0,0,5,6988
1002776,P00323142,M,26-35,14,C,4+,0,5,3656
1004508,P00261842,M,26-35,20,A,2,0,2,6796
1001173,P00116842,F,26-35,7,A,3,0,2,13013
1006036,P00223642,F,26-35,15,B,4+,1,11,2969
1001206,P00111042,F,51-55,7,C,1,1,15,21512
1003118,P00045542,M,26-35,0,B,1,0,5,5467
1004130,P00346242,M,36-45,6,B,4+,1,1,11534
1004215,P00027542,M,26-35,7,A,2,0,8,7946
1002683,P00028142,M,36-45,7,C,1,1,5,6994
1000712,P00032042,M,26-35,0,B,2,0,1,8280
1004313,P00110942,F,26-35,7,C,4+,0,1,19068
1002309,P00034742,F,46-50,0,C,2,1,5,6934
1004852,P00375436,M,36-45,0,C,3,1,20,481
1002124,P00182242,M,26-35,0,B,1,1,1,11666
1006036,P00010742,F,26-35,15,B,4+,1,1,19682
1002695,P00114542,M,36-45,11,C,4+,0,5,7122
1002724,P00301842,F,46-50,2,A,3,1,5,6921
1004600,P00148542,M,26-35,0,C,2,1,1,15568
1003056,P00114942,M,26-35,18,C,1,1,1,15901
1001501,P00113742,M,26-35,11,A,3,0,5,6886
1005605,P00230242,F,18-25,2,A,0,0,3,13657
1002285,P00109842,F,0-17,10,B,3,0,8,5993
1004517,P0099442,F,18-25,1,A,0,1,6,16167
1001410,P00264042,M,51-55,7,B,3,1,4,2825
1003837,P00030442,M,26-35,17,C,0,0,5,1742
1002907,P00168342,F,36-45,5,A,4+,0,11,3233
1001706,P00271042,M,26-35,20,B,1,1,6,8122
1005555,P00053042,M,0-17,10,B,2,0,5,5151
1003685,P00126142,M,26-35,5,C,1,1,8,9761
1003769,P00128342,M,26-35,15,B,0,0,5,3458
1003717,P00189642,M,36-45,17,C,4+,0,8,3996
1002038,P00031442,F,46-50,1,B,3,1,5,8565
1000447,P00319342,F,46-50,11,A,1,0,5,8607
1001285,P00177342,M,36-45,4,A,0,1,8,9829
1005531,P00338442,M,51-55,17,C,0,1,1,19518
1004226,P00267542,F,36-45,6,C,1,0,1,15355
1000971,P00128942,M,26-35,12,B,2,1,1,15607
1000678,P00297842,M,26-35,0,A,0,1,1,15293
1003931,P00237542,M,26-35,5,C,1,0,1,19066
1002857,P00129842,M,26-35,0,B,2,0,6,15978
1004457,P00015642,M,36-45,14,C,1,0,8,6038
1001019,P00293742,M,36-45,1,A,4+,1,8,8113
1004411,P00177842,M,18-25,4,A,3,0,8,9728
1000092,P00010742,F,18-25,4,B,1,0,1,19104
1001118,P00224542,M,51-55,13,C,1,1,8,6044
1003518,P00145042,F,18-25,7,A,2,0,1,19590
1001015,P00215642,M,36-45,3,A,4+,1,8,6165
1005886,P00106742,M,26-35,20,A,2,0,3,13683
1001778,P00052942,M,18-25,4,B,1,0,5,5379
1005096,P00331042,M,26-35,11,B,2,0,5,8687
1000246,P00045442,F,18-25,4,C,1,0,5,6942
1000818,P00079742,M,18-25,4,C,2,0,1,4159
1003841,P00320742,M,46-50,18,A,4+,0,1,3963
1003310,P00156442,M,46-50,14,C,0,1,8,7890
1002974,P00110842,M,18-25,4,A,0,0,1,19230
1002409,P00271142,F,36-45,9,B,3,1,5,6998
1002004,P00221642,M,46-50,19,C,1,1,5,5446
1003180,P00312142,M,26-35,14,B,1,0,8,6189
1005824,P00246742,M,18-25,12,B,1,0,11,3000
1004879,P00152242,M,26-35,3,A,2,0,14,11177
1002430,P00321942,M,26-35,4,B,2,0,5,3531
1005026,P00191642,M,26-35,17,B,1,1,3,11057
1002486,P00113642,M,18-25,12,A,1,0,8,8045
1004253,P00252442,M,46-50,11,B,0,0,8,9828
1002245,P00357842,M,0-17,10,C,1,0,5,3444
1001691,P00332942,F,26-35,17,C,2,1,5,5234
1002419,P00218242,M,26-35,0,B,3,1,5,3536
1002638,P00183242,M,26-35,14,B,2,0,5,5193
1003618,P00092542,M,55+,17,A,4+,1,8,5835
1001019,P00196642,M,36-45,1,A,4+,1,8,2257
1000198,P00196042,M,26-35,12,A,0,1,4,2067
1000767,P00057942,M,26-35,12,C,1,0,1,15708
1000445,P00053342,M,46-50,12,A,1,1,1,3999
1001680,P00329742,M,26-35,20,A,3,1,6,20506
1001605,P00071442,F,18-25,0,B,1,0,15,12956
1005359,P00237242,M,18-25,16,B,3,0,1,7585
1004490,P00225842,M,36-45,5,B,1,0,2,3558
1000673,P00115842,M,26-35,20,A,4+,0,16,20384
1002220,P00059442,F,51-55,3,C,2,0,6,20418
1001125,P00057742,F,18-25,4,B,2,0,2,16029
1004117,P00028442,M,18-25,4,B,4+,0,1,15335
1005812,P00119442,F,26-35,7,A,1,1,5,3544
1005787,P00270942,M,26-35,20,B,0,0,1,15436
1002928,P00170442,M,26-35,2,B,1,1,5,2036
1001941,P00001942,M,36-45,17,A,1,0,5,2018
1000471,P00334242,M,36-45,7,A,3,0,1,15484
1000808,P00026742,M,26-35,7,B,1,1,8,6195
1000216,P00237142,M,46-50,13,B,1,0,5,3488
1003182,P00131542,M,26-35,12,A,2,1,8,4183
1003418,P00053042,F,18-25,3,C,4+,0,5,8806
1000018,P00338442,F,18-25,3,B,3,0,1,4271
1004506,P00236942,M,51-55,16,B,2,0,12,1392
1005242,P00112642,M,26-35,1,C,3,1,1,15767
1003503,P00111942,M,18-25,4,B,0,0,8,9913
1001861,P00254142,M,51-55,16,A,1,1,8,7972
1002776,P00303242,M,26-35,14,C,4+,0,5,5316
1002935,P00170342,M,26-35,0,B,2,1,1,15466
1001605,P00233642,F,18-25,0,B,1,0,1,11746
1000026,P00125042,M,26-35,7,B,2,1,11,2945
1002909,P00109742,M,26-35,7,A,1,0,8,4209
1000056,P00112442,M,36-45,20,C,0,1,6,20241
1001183,P00112542,M,36-45,19,B,1,0,1,15888
1001884,P00084342,M,46-50,20,B,1,1,13,945
1004626,P00217942,M,26-35,14,B,4+,0,5,8747
1000392,P00268442,M,18-25,7,A,0,0,8,7943
1001882,P00350442,M,36-45,16,C,4+,0,2,12951
1000015,P00198142,M,26-35,7,A,1,0,2,6411
1004650,P00006442,M,26-35,7,C,2,1,5,1993
1002858,P00003942,F,0-17,10,B,2,0,5,5464
1004236,P00002442,F,26-35,3,C,4+,1,8,5868
1004694,P00051842,M,55+,7,C,3,1,4,2159
1001995,P00362442,M,26-35,1,C,4+,1,5,5454
1003300,P00188442,M,36-45,5,B,1,0,5,8599
1000178,P00273442,M,55+,17,A,2,1,12,1381
1001206,P00275842,F,51-55,7,C,1,1,2,13017
1002484,P00252042,M,46-50,5,B,0,0,5,6867
1004736,P00104542,M,18-25,20,A,1,1,8,4201
1000563,P00193642,M,26-35,4,A,3,0,2,6747
1000270,P00354642,M,51-55,14,B,2,1,8,9757
1004354,P00357042,M,36-45,14,B,2,0,5,8839
1003590,P00265242,F,18-25,15,A,1,0,5,8788
1003685,P00022942,M,26-35,5,C,1,1,5,8697
1005011,P00034142,M,18-25,4,B,1,0,8,7831
1003900,P00271142,F,26-35,14,B,2,1,5,7122
1002860,P00213742,M,36-45,17,A,2,0,8,7993
1000742,P00030842,M,18-25,0,C,1,0,1,15390
1003829,P00061142,F,26-35,1,B,1,0,8,7960
1001049,P00140742,M,46-50,14,C,3,1,1,12106
1005678,P00115942,M,36-45,17,A,0,1,8,7893
1005517,P00091342,M,55+,0,C,2,1,8,5822
1005654,P00300042,M,26-35,4,A,3,1,16,8840
1003509,P00158542,M,18-25,4,A,0,0,5,5203
1004505,P00143342,M,51-55,7,C,1,0,1,15226
1001311,P00074142,M,18-25,10,C,1,0,3,10674
1002188,P00359142,F,18-25,19,B,4+,0,16,12732
1005019,P00105142,M,26-35,7,A,4+,0,1,4249
1004335,P00195342,M,36-45,0,B,3,0,2,13140
1005981,P00200342,M,36-45,7,C,3,0,16,20393
1005886,P00211142,M,26-35,20,A,2,0,5,5444
1004360,P00046042,F,26-35,9,B,1,0,5,3528
1004260,P00073842,M,26-35,16,C,3,1,1,11430
1002129,P00296942,M,26-35,5,B,1,0,8,4005
1004472,P00000642,F,46-50,16,B,0,1,1,15683
1000553,P00174442,M,26-35,2,B,1,0,5,8897
1005795,P00265242,M,26-35,1,A,1,1,5,8672
1005099,P00182242,M,18-25,0,B,3,0,1,11707
1002205,P00331942,F,26-35,7,A,3,1,5,5395
1005831,P00108442,M,26-35,1,A,2,1,5,5383
1003824,P0096642,M,26-35,17,A,3,1,2,9892
1003509,P00231242,M,18-25,4,A,0,0,16,4530
1001470,P00352242,M,18-25,4,A,1,1,1,8246
1001943,P00015842,M,18-25,4,B,0,0,1,4345
1000429,P00370642,M,18-25,0,C,1,0,8,9783
1000889,P00113542,M,46-50,20,A,1,0,8,7936
1005501,P00100442,M,26-35,2,A,3,0,2,9602
1005630,P00336942,M,36-45,17,B,1,0,5,7185
1004041,P00315542,M,18-25,3,B,2,0,5,7153
1002768,P00158242,M,26-35,17,A,1,0,6,12671
1003841,P00128742,M,46-50,18,A,4+,0,1,11905
1002629,P00030842,M,26-35,11,C,0,1,1,15542
1005744,P00141942,F,26-35,4,A,2,0,5,6872
1001636,P00213242,F,26-35,19,C,0,0,5,6859
1000939,P00285442,F,26-35,20,C,2,0,8,6107
1003960,P00115642,F,36-45,14,C,1,1,8,7859
1001912,P00037042,M,26-35,4,A,1,1,1,3811
1001243,P00183242,M,36-45,15,B,4+,1,5,7136
1001120,P00117442,M,18-25,4,A,0,1,5,7122
1005682,P00080342,M,18-25,0,B,2,0,1,19251
1001117,P00058242,M,18-25,14,B,3,0,3,10563
1005317,P00051842,F,26-35,0,A,1,0,4,3553
1003622,P00200642,M,18-25,1,B,2,1,10,23192
1003346,P00279942,M,36-45,7,B,3,1,8,8121
1001473,P00348842,M,26-35,14,B,0,0,1,8194
1005390,P00110742,M,0-17,0,C,1,0,1,19662
1004473,P00198142,M,36-45,1,B,3,0,2,9809
1000133,P00124642,F,26-35,0,C,1,1,16,16651
1004747,P00028442,M,18-25,4,C,1,0,1,11749
1002608,P00118242,F,26-35,1,A,2,0,5,8843
1005011,P00052142,M,18-25,4,B,1,0,8,8019
1000036,P00221542,M,26-35,3,B,0,0,5,5381
1004897,P00303342,M,36-45,16,B,3,0,1,15741
1004344,P00276342,M,26-35,1,A,4+,0,5,8607
1005954,P00088242,M,46-50,11,A,2,1,6,11977
1005910,P00154742,F,46-50,20,B,2,0,8,9822
1001680,P00136342,M,26-35,20,A,3,1,4,1386
1003467,P00086042,M,26-35,14,A,1,1,8,3937
1003821,P00296242,M,26-35,20,A,2,1,8,4126
1001094,P00007242,F,18-25,0,C,1,0,8,7903
1000820,P00057642,M,36-45,7,A,1,0,1,19302
1003694,P00110542,M,26-35,12,C,3,1,8,7867
1005433,P00270842,F,36-45,17,B,3,1,5,5399
1003229,P00051642,F,55+,1,B,3,0,8,7823
1001585,P00270942,M,55+,20,C,1,1,1,8105
1004819,P00227142,M,36-45,18,B,1,0,5,8797
1002736,P00139842,M,46-50,12,C,4+,0,5,6980
1000829,P00323042,M,0-17,19,A,2,0,5,8836
1003912,P00116142,M,26-35,4,A,2,0,10,23351
1003069,P00036842,M,18-25,4,C,3,1,1,11708
1004954,P00011442,M,46-50,0,C,3,1,5,3762
1000017,P00347242,M,51-55,1,C,0,0,8,7761
1004217,P00120342,M,18-25,4,B,2,0,5,6883
1002700,P00317942,M,26-35,7,C,2,1,8,6176
1001952,P00259342,M,36-45,1,B,1,1,5,7069
1000835,P00116242,M,55+,0,C,1,0,8,9741
1000897,P00046742,M,26-35,6,B,4+,0,1,12106
1003394,P00100942,M,36-45,7,B,4+,0,5,6989
1003690,P00003942,M,18-25,0,B,2,0,5,6879
1002909,P00351842,M,26-35,7,A,1,0,5,5446
1004507,P0099342,M,18-25,4,B,1,1,5,7024
1003825,P00100942,M,18-25,1,B,0,0,5,8664
1000697,P00161942,F,51-55,6,A,3,1,5,8740
1003304,P00005042,F,46-50,5,B,1,1,6,16001
1000735,P00250242,M,26-35,14,A,3,0,5,7038
1000575,P00265542,M,26-35,12,B,0,1,5,7172
1002408,P00288642,F,46-50,1,C,2,1,16,16793
1002051,P00223542,M,36-45,7,C,2,0,1,19335
1005452,P00105142,M,36-45,6,A,4+,0,1,11721
1005306,P00316442,F,26-35,17,B,4+,0,5,1857
1004390,P00260442,M,26-35,0,B,2,0,1,11474
1002419,P00177942,M,26-35,0,B,3,1,5,5468
1001755,P00210942,F,18-25,4,B,4+,0,5,8819
1005522,P00250842,M,26-35,14,B,0,0,8,7947
1001284,P00151142,M,46-50,16,A,1,1,6,16091
1001670,P00101042,F,55+,13,C,1,1,5,6901
1003385,P00233642,F,26-35,9,C,1,0,1,7816
1005505,P00128942,F,26-35,4,B,3,1,1,11497
1002716,P00303442,F,51-55,4,C,3,1,1,7953
1001294,P00116842,F,51-55,20,B,4+,1,2,9925
1003201,P00356442,M,46-50,7,B,0,1,18,2260
1001767,P00368242,M,26-35,20,C,1,0,5,1835
1002466,P00345742,M,26-35,15,B,4+,0,1,8250
1002909,P00114942,M,26-35,7,A,1,0,1,19567
1000889,P00104942,M,46-50,20,A,1,0,5,3658
1005512,P00214642,F,26-35,17,B,2,1,11,6096
1004318,P00325742,M,26-35,5,B,3,0,2,9579
1003358,P00103042,F,26-35,1,B,3,0,1,15235
1004446,P00251442,M,18-25,18,B,1,1,5,7164
1000505,P00019342,M,36-45,17,C,2,1,1,19436
1003483,P00034742,F,46-50,7,B,0,1,5,8883
1000179,P00222842,M,26-35,0,A,1,0,8,6112
1001635,P00016742,M,26-35,0,B,1,0,1,12124
1003469,P00201342,M,46-50,17,B,3,1,1,8050
1000319,P00027442,F,51-55,6,B,3,1,8,5962
1000064,P00130642,M,18-25,1,A,1,1,11,6161
1003842,P00190542,F,36-45,16,B,4+,0,3,10855
1000151,P00141542,F,26-35,20,A,1,1,5,8878
1002060,P00139942,M,0-17,1,C,3,0,5,5181
1006011,P00154042,M,36-45,15,C,3,0,1,15710
1005002,P00058242,M,26-35,17,B,1,1,3,10565
1005684,P00075442,M,18-25,16,A,1,0,5,3455
1002943,P00073842,M,36-45,12,C,1,0,1,11645
1002303,P00014642,M,51-55,17,B,4+,1,8,8121
1001465,P00053942,M,51-55,16,B,4+,1,1,15462
1003018,P00128042,M,36-45,0,B,0,0,1,11963
1000963,P00129642,M,26-35,0,A,0,1,5,7034
1002526,P00233442,M,55+,13,B,4+,1,1,15212
1000195,P00007542,M,26-35,12,B,4+,1,15,17319
1000204,P00230842,M,26-35,7,B,1,1,8,8021
1000701,P00021742,F,18-25,4,B,0,0,5,6865
1005801,P00068942,M,26-35,16,B,3,0,5,3641
1000073,P00017542,M,18-25,4,A,4+,0,5,7189
1001639,P00240242,M,26-35,17,B,1,0,1,19067
1001086,P00336942,M,18-25,4,A,2,0,5,8623
1004494,P00112542,M,46-50,0,C,2,1,1,19585
1003268,P00293242,M,26-35,12,C,1,0,8,7813
1003618,P00132842,M,55+,17,A,4+,1,1,11792
1002106,P00252042,F,18-25,20,A,3,1,5,3722
1004048,P00195742,F,36-45,1,B,1,0,3,13231
1003036,P00086042,M,55+,13,C,1,0,8,10054
1004014,P00182242,M,26-35,0,C,2,1,1,15797
1002959,P00251242,M,36-45,17,B,0,0,5,8768
1002237,P00313342,F,36-45,6,B,1,0,5,8871
1000904,P00271442,M,36-45,20,B,4+,0,18,3042
1001064,P00005042,M,26-35,7,C,1,0,6,20569
1003558,P00216142,M,18-25,17,A,3,0,1,15884
1003591,P00034642,M,36-45,6,C,1,0,4,2116
1002513,P00288942,M,55+,1,A,1,1,1,11726
1000026,P00024242,M,26-35,7,B,2,1,5,3481
1002158,P00199642,M,26-35,12,A,1,1,16,20256
1002781,P00262242,M,36-45,4,C,2,1,1,19016
1004965,P00031842,M,0-17,10,C,1,0,1,4484
1000050,P00334242,F,26-35,2,A,1,1,1,11383
1002359,P00086442,M,55+,13,C,1,1,8,7933
1004522,P00365242,M,46-50,1,C,0,1,5,8840
1003622,P00112142,M,18-25,1,B,2,1,1,7590
1002595,P00302542,M,18-25,4,B,1,0,5,5270
1005615,P00170442,M,36-45,7,C,4+,0,5,7087
1005345,P00206442,F,26-35,17,C,2,1,1,4464
1005653,P00331542,M,51-55,1,B,1,0,5,5313
1003669,P00195342,M,26-35,14,A,2,0,2,3573
1003987,P00338442,F,18-25,4,C,2,0,1,11509
1000451,P00177642,M,55+,13,C,4+,1,8,9908
1000023,P00220442,M,36-45,0,B,3,1,5,5350
1000999,P00059442,M,26-35,15,B,2,0,6,12330
1005776,P00102642,M,18-25,12,B,3,1,4,2063
1002998,P00259542,F,26-35,1,C,0,1,5,1949
1004181,P00011842,F,26-35,7,C,2,0,5,3601
1001889,P00158742,M,18-25,14,B,2,0,5,3602
1002409,P00332142,F,36-45,9,B,3,1,8,5986
1003778,P00233142,M,26-35,0,B,4+,1,1,7792
1004317,P00057642,F,36-45,14,B,0,0,1,15438
1004964,P00104542,M,36-45,0,A,1,1,8,7868
1003639,P00177342,M,18-25,4,C,1,0,8,4020
1002953,P00270142,M,26-35,20,C,1,1,5,1753
1001944,P00150342,F,18-25,4,C,1,0,8,9703
1003475,P00288942,M,26-35,14,A,1,0,1,15310
1000482,P00220342,M,26-35,14,A,2,1,5,8906
1005786,P00237542,M,26-35,6,B,1,1,1,15867
1005395,P00286842,M,51-55,1,C,1,1,5,8702
1000151,P00221442,F,26-35,20,A,1,1,1,19127
1001088,P00299842,F,0-17,10,A,3,0,8,6075
1000204,P00069242,M,26-35,7,B,1,1,8,7823
1003626,P00042142,M,26-35,17,B,3,0,1,15519
1004957,P00030442,M,26-35,2,A,1,1,5,5203
1001470,P00074242,M,18-25,4,A,1,1,5,1766
1001164,P00333042,F,26-35,19,A,1,1,5,7174
1001632,P00205642,M,26-35,16,B,1,0,5,1866
1002219,P00118042,M,26-35,6,C,3,0,8,7891
1004826,P00274242,M,46-50,12,C,1,1,1,11416
1005557,P00177742,M,36-45,14,C,1,1,8,7952
1002909,P00053142,M,26-35,7,A,1,0,1,15885
1005371,P00027542,M,26-35,11,A,0,0,8,8112
1005106,P00144042,F,36-45,1,C,3,1,2,6590
1000337,P00140542,M,18-25,19,C,0,0,1,4187
1001297,P00266542,M,26-35,7,A,4+,0,2,9572
